Workbook

Sheet Sales Data
A1: Order ID | B1: Date | C1: Region | D1: Sales Rep | E1: Product | F1: Quantity | G1: Unit Price ($) | H1: Discount (%) | I1: Total Sales ($)
A2: ORD-1001 | B2: 46035 | C2: East | D2: Priya Singh | E2: Smartphone | F2: 8 | G2: 411.63 | H2: 0 | I2: =F2*G2*(1-H2) -> 3293.04
A3: ORD-1002 | B3: 46239 | C3: North | D3: Aarav Sharma | E3: Smartphone | F3: 3 | G3: 474.91 | H3: 0.15 | I3: =F3*G3*(1-H3) -> 1211.0205
A4: ORD-1003 | B4: 46124 | C4: West | D4: Priya Singh | E4: Laptop | F4: 15 | G4: 1212.49 | H4: 0 | I4: =F4*G4*(1-H4) -> 18187.35
A5: ORD-1004 | B5: 46239 | C5: East | D5: Rohan Verma | E5: Tablet | F5: 5 | G5: 307.66 | H5: 0.05 | I5: =F5*G5*(1-H5) -> 1461.385
A6: ORD-1005 | B6: 46070 | C6: West | D6: Aarav Sharma | E6: Smartphone | F6: 12 | G6: 978 | H6: 0.15 | I6: =F6*G6*(1-H6) -> 9975.6
A7: ORD-1006 | B7: 46045 | C7: West | D7: Vikram Rao | E7: Monitor | F7: 4 | G7: 587.1 | H7: 0.1 | I7: =F7*G7*(1-H7) -> 2113.56
A8: ORD-1007 | B8: 46173 | C8: East | D8: Vikram Rao | E8: Smartphone | F8: 7 | G8: 863.66 | H8: 0 | I8: =F8*G8*(1-H8) -> 6045.62
A9: ORD-1008 | B9: 46171 | C9: North | D9: Priya Singh | E9: Headphones | F9: 4 | G9: 132.63 | H9: 0.1 | I9: =F9*G9*(1-H9) -> 477.468
A10: ORD-1009 | B10: 46106 | C10: East | D10: Rohan Verma | E10: Keyboard | F10: 7 | G10: 107.12 | H10: 0 | I10: =F10*G10*(1-H10) -> 749.84
A11: ORD-1010 | B11: 46148 | C11: South | D11: Neha Gupta | E11: Tablet | F11: 13 | G11: 334.97 | H11: 0.15 | I11: =F11*G11*(1-H11) -> 3701.4185
A12: ORD-1011 | B12: 46189 | C12: North | D12: Priya Singh | E12: Headphones | F12: 2 | G12: 247.36 | H12: 0.1 | I12: =F12*G12*(1-H12) -> 445.248
A13: ORD-1012 | B13: 46056 | C13: South | D13: Vikram Rao | E13: Monitor | F13: 11 | G13: 222.06 | H13: 0.1 | I13: =F13*G13*(1-H13) -> 2198.394
... A201: ORD-1200 | B201: 46259 | C201: North | D201: Neha Gupta | E201: Mouse | F201: 19 | G201: 55.63 | H201: 0.05 | I201: =F201*G201*(1-H201) -> 1004.1215

Sheet Summary
A1: Region | B1: Total Sales ($) | C1: Orders | E1: Note: data is randomly generated (seed 42) for demonstration.
A2: North | B2: =SUMIFS('Sales Data'!$I$2:$I$201,'Sales Data'!$C$2:$C$201,A2) -> 180118.07 | C2: =COUNTIFS('Sales Data'!$C$2:$C$201,A2) -> 56
A3: South | B3: =SUMIFS('Sales Data'!$I$2:$I$201,'Sales Data'!$C$2:$C$201,A3) -> 174084.6 | C3: =COUNTIFS('Sales Data'!$C$2:$C$201,A3) -> 43
A4: East | B4: =SUMIFS('Sales Data'!$I$2:$I$201,'Sales Data'!$C$2:$C$201,A4) -> 166046.55 | C4: =COUNTIFS('Sales Data'!$C$2:$C$201,A4) -> 43
A5: West | B5: =SUMIFS('Sales Data'!$I$2:$I$201,'Sales Data'!$C$2:$C$201,A5) -> 217824.97 | C5: =COUNTIFS('Sales Data'!$C$2:$C$201,A5) -> 58
A6: Total | B6: =SUM(B2:B5) -> 738074.18 | C6: =SUM(C2:C5) -> 200
A8: Product | B8: Total Sales ($) | C8: Units Sold
A9: Laptop | B9: =SUMIFS('Sales Data'!$I$2:$I$201,'Sales Data'!$E$2:$E$201,A9) -> 215720.79 | C9: =SUMIFS('Sales Data'!$F$2:$F$201,'Sales Data'!$E$2:$E$201,A9) -> 208
A10: Smartphone | B10: =SUMIFS('Sales Data'!$I$2:$I$201,'Sales Data'!$E$2:$E$201,A10) -> 198523.82 | C10: =SUMIFS('Sales Data'!$F$2:$F$201,'Sales Data'!$E$2:$E$201,A10) -> 320
A11: Tablet | B11: =SUMIFS('Sales Data'!$I$2:$I$201,'Sales Data'!$E$2:$E$201,A11) -> 83824.445 | C11: =SUMIFS('Sales Data'!$F$2:$F$201,'Sales Data'!$E$2:$E$201,A11) -> 195
A12: Headphones | B12: =SUMIFS('Sales Data'!$I$2:$I$201,'Sales Data'!$E$2:$E$201,A12) -> 53602.096 | C12: =SUMIFS('Sales Data'!$F$2:$F$201,'Sales Data'!$E$2:$E$201,A12) -> 327
A13: Monitor | B13: =SUMIFS('Sales Data'!$I$2:$I$201,'Sales Data'!$E$2:$E$201,A13) -> 133058.54 | C13: =SUMIFS('Sales Data'!$F$2:$F$201,'Sales Data'!$E$2:$E$201,A13) -> 381
A14: Keyboard | B14: =SUMIFS('Sales Data'!$I$2:$I$201,'Sales Data'!$E$2:$E$201,A14) -> 20742.66 | C14: =SUMIFS('Sales Data'!$F$2:$F$201,'Sales Data'!$E$2:$E$201,A14) -> 230
A15: Mouse | B15: =SUMIFS('Sales Data'!$I$2:$I$201,'Sales Data'!$E$2:$E$201,A15) -> 12519.415 | C15: =SUMIFS('Sales Data'!$F$2:$F$201,'Sales Data'!$E$2:$E$201,A15) -> 302
A16: Webcam | B16: =SUMIFS('Sales Data'!$I$2:$I$201,'Sales Data'!$E$2:$E$201,A16) -> 20082.412 | C16: =SUMIFS('Sales Data'!$F$2:$F$201,'Sales Data'!$E$2:$E$201,A16) -> 241
